{
  "label": "go-pgx",
  "addr": "127.0.0.1:50051",
  "concurrency": 128,
  "connections": 4,
  "payload_bytes": 256,
  "duration_sec": 10.000348208,
  "total_ok": 324482,
  "total_err": 0,
  "rps": 32447.070167059126,
  "lat_mean_ms": 3.9419734561546793,
  "lat_p50_ms": 3.656,
  "lat_p90_ms": 4.839,
  "lat_p99_ms": 9.258,
  "lat_p999_ms": 16.68,
  "lat_max_ms": 29.566
}
