{
  "label": "go-pgx",
  "addr": "127.0.0.1:50051",
  "concurrency": 128,
  "connections": 4,
  "payload_bytes": 256,
  "duration_sec": 10.000302084,
  "total_ok": 347189,
  "total_err": 0,
  "rps": 34717.85122926293,
  "lat_mean_ms": 3.684038938445647,
  "lat_p50_ms": 3.463,
  "lat_p90_ms": 4.337,
  "lat_p99_ms": 8.778,
  "lat_p999_ms": 12.919,
  "lat_max_ms": 21.456
}
