{
  "label": "go-pgx",
  "addr": "127.0.0.1:50051",
  "concurrency": 64,
  "connections": 4,
  "payload_bytes": 256,
  "duration_sec": 60.000129597,
  "total_ok": 2806809,
  "total_err": 0,
  "rps": 46780.04895743325,
  "lat_mean_ms": 1.366641415216007,
  "lat_p50_ms": 1.194,
  "lat_p90_ms": 2.082,
  "lat_p99_ms": 4.386,
  "lat_p999_ms": 6.496,
  "lat_max_ms": 33.4
}
