{
  "label": "go-pgx",
  "addr": "127.0.0.1:50051",
  "concurrency": 32,
  "connections": 4,
  "payload_bytes": 256,
  "duration_sec": 60.000659359,
  "total_ok": 2865123,
  "total_err": 0,
  "rps": 47751.52524336779,
  "lat_mean_ms": 0.6688281654923479,
  "lat_p50_ms": 0.565,
  "lat_p90_ms": 0.993,
  "lat_p99_ms": 3.027,
  "lat_p999_ms": 4.623,
  "lat_max_ms": 17.553
}
