{
  "label": "kotlin-vertx",
  "addr": "127.0.0.1:50052",
  "concurrency": 1,
  "connections": 4,
  "payload_bytes": 256,
  "duration_sec": 60.000045132,
  "total_ok": 421770,
  "total_err": 0,
  "rps": 7029.494712414078,
  "lat_mean_ms": 0.14066577044362438,
  "lat_p50_ms": 0.13,
  "lat_p90_ms": 0.194,
  "lat_p99_ms": 0.28,
  "lat_p999_ms": 1.089,
  "lat_max_ms": 6.125
}
