{
  "label": "kotlin-vertx",
  "addr": "127.0.0.1:50052",
  "concurrency": 64,
  "connections": 4,
  "payload_bytes": 256,
  "duration_sec": 60.000231987,
  "total_ok": 3137568,
  "total_err": 0,
  "rps": 52292.59781328519,
  "lat_mean_ms": 1.2221584415064415,
  "lat_p50_ms": 1.063,
  "lat_p90_ms": 1.765,
  "lat_p99_ms": 3.468,
  "lat_p999_ms": 6.114,
  "lat_max_ms": 31.743
}
