{
  "label": "go-pgx",
  "addr": "127.0.0.1:50051",
  "concurrency": 32,
  "connections": 4,
  "payload_bytes": 256,
  "duration_sec": 60.000093231,
  "total_ok": 2859313,
  "total_err": 0,
  "rps": 47655.14261772331,
  "lat_mean_ms": 0.6701829526883086,
  "lat_p50_ms": 0.567,
  "lat_p90_ms": 0.992,
  "lat_p99_ms": 3.044,
  "lat_p999_ms": 4.658,
  "lat_max_ms": 18.382
}
