{
  "label": "kotlin-vertx",
  "addr": "127.0.0.1:50052",
  "concurrency": 32,
  "connections": 4,
  "payload_bytes": 256,
  "duration_sec": 60.000779967,
  "total_ok": 3596430,
  "total_err": 0,
  "rps": 59939.72081659623,
  "lat_mean_ms": 0.5315326053891442,
  "lat_p50_ms": 0.472,
  "lat_p90_ms": 0.686,
  "lat_p99_ms": 1.453,
  "lat_p999_ms": 3.674,
  "lat_max_ms": 480.275
}
