{
  "label": "rust-tokio",
  "addr": "127.0.0.1:50053",
  "concurrency": 32,
  "connections": 4,
  "payload_bytes": 256,
  "duration_sec": 60.000087179,
  "total_ok": 3597712,
  "total_err": 0,
  "rps": 59961.779543200355,
  "lat_mean_ms": 0.5323200739799465,
  "lat_p50_ms": 0.479,
  "lat_p90_ms": 0.66,
  "lat_p99_ms": 1.604,
  "lat_p999_ms": 4.346,
  "lat_max_ms": 577.421
}
