{
  "label": "rust-tokio",
  "addr": "127.0.0.1:50053",
  "concurrency": 128,
  "connections": 4,
  "payload_bytes": 256,
  "duration_sec": 60.000418258,
  "total_ok": 3638610,
  "total_err": 0,
  "rps": 60643.07725912986,
  "lat_mean_ms": 2.108933088184682,
  "lat_p50_ms": 2.014,
  "lat_p90_ms": 2.355,
  "lat_p99_ms": 4.509,
  "lat_p999_ms": 7.145,
  "lat_max_ms": 498.189
}
