{
  "label": "go-pgx",
  "addr": "127.0.0.1:50051",
  "concurrency": 32,
  "connections": 4,
  "payload_bytes": 256,
  "duration_sec": 10.000150334,
  "total_ok": 386843,
  "total_err": 0,
  "rps": 38683.718452187015,
  "lat_mean_ms": 0.825944835501779,
  "lat_p50_ms": 0.716,
  "lat_p90_ms": 1.16,
  "lat_p99_ms": 2.432,
  "lat_p999_ms": 6.656,
  "lat_max_ms": 20.743
}
