{
  "label": "go-pgx",
  "addr": "127.0.0.1:50051",
  "concurrency": 1,
  "connections": 4,
  "payload_bytes": 256,
  "duration_sec": 60.000031135,
  "total_ok": 251282,
  "total_err": 0,
  "rps": 4188.031160094164,
  "lat_mean_ms": 0.2369510828471061,
  "lat_p50_ms": 0.233,
  "lat_p90_ms": 0.263,
  "lat_p99_ms": 0.359,
  "lat_p999_ms": 0.65,
  "lat_max_ms": 6.408
}
