{
  "label": "kotlin-vertx",
  "addr": "127.0.0.1:50052",
  "concurrency": 8,
  "connections": 4,
  "payload_bytes": 256,
  "duration_sec": 60.000032266,
  "total_ok": 1246706,
  "total_err": 0,
  "rps": 20778.42215939051,
  "lat_mean_ms": 0.3836134509657344,
  "lat_p50_ms": 0.37,
  "lat_p90_ms": 0.419,
  "lat_p99_ms": 0.587,
  "lat_p999_ms": 3.504,
  "lat_max_ms": 42.455
}
