{
  "label": "kotlin-vertx",
  "addr": "127.0.0.1:50052",
  "concurrency": 1,
  "connections": 4,
  "payload_bytes": 256,
  "duration_sec": 60.000076091,
  "total_ok": 303336,
  "total_err": 0,
  "rps": 5055.593588580471,
  "lat_mean_ms": 0.19599126381287002,
  "lat_p50_ms": 0.193,
  "lat_p90_ms": 0.21,
  "lat_p99_ms": 0.277,
  "lat_p999_ms": 0.435,
  "lat_max_ms": 5.704
}
