{
  "label": "kotlin-vertx",
  "addr": "127.0.0.1:50052",
  "concurrency": 128,
  "connections": 4,
  "payload_bytes": 256,
  "duration_sec": 60.000163779,
  "total_ok": 1328921,
  "total_err": 0,
  "rps": 22148.622875344903,
  "lat_mean_ms": 5.777045453417058,
  "lat_p50_ms": 5.567,
  "lat_p90_ms": 6.349,
  "lat_p99_ms": 11.873,
  "lat_p999_ms": 17.261,
  "lat_max_ms": 47.337
}
