{
  "label": "go-pgx",
  "addr": "127.0.0.1:50051",
  "concurrency": 32,
  "connections": 4,
  "payload_bytes": 256,
  "mode": "mixed",
  "read_pct": 20,
  "keyspace": 10000,
  "duration_sec": 60.000070804,
  "total_ok": 2135576,
  "total_err": 0,
  "rps": 35592.8913313487,
  "lat_mean_ms": 0.8981884671863112,
  "lat_p50_ms": 0.826,
  "lat_p90_ms": 1.332,
  "lat_p99_ms": 2.45,
  "lat_p999_ms": 4.005,
  "lat_max_ms": 17.945,
  "total_ok_write": 1708441,
  "total_ok_read": 427135,
  "write_rps": 28473.983065468383,
  "read_rps": 7118.908265880319,
  "write_p50_ms": 0.878,
  "write_p90_ms": 1.387,
  "write_p99_ms": 2.528,
  "write_p999_ms": 4.141,
  "write_max_ms": 17.945,
  "read_p50_ms": 0.55,
  "read_p90_ms": 0.946,
  "read_p99_ms": 1.982,
  "read_p999_ms": 3.251,
  "read_max_ms": 17.394
}
