{
  "label": "go-pgx",
  "addr": "127.0.0.1:50051",
  "concurrency": 64,
  "connections": 4,
  "payload_bytes": 256,
  "mode": "mixed",
  "read_pct": 20,
  "keyspace": 10000,
  "duration_sec": 60.001978455,
  "total_ok": 2125955,
  "total_err": 109,
  "rps": 35431.41500899697,
  "lat_mean_ms": 1.8051914001000071,
  "lat_p50_ms": 1.699,
  "lat_p90_ms": 2.437,
  "lat_p99_ms": 3.468,
  "lat_p999_ms": 5.656,
  "lat_max_ms": 33.03,
  "total_ok_write": 1700134,
  "total_ok_read": 425821,
  "write_rps": 28334.632353415785,
  "read_rps": 7096.782655581186,
  "write_p50_ms": 1.755,
  "write_p90_ms": 2.495,
  "write_p99_ms": 3.537,
  "write_p999_ms": 5.769,
  "write_max_ms": 33.03,
  "read_p50_ms": 1.418,
  "read_p90_ms": 2.097,
  "read_p99_ms": 3.042,
  "read_p999_ms": 4.989,
  "read_max_ms": 28.851
}
