{
  "label": "go-pgx",
  "addr": "127.0.0.1:50051",
  "concurrency": 8,
  "connections": 4,
  "payload_bytes": 256,
  "mode": "mixed",
  "read_pct": 20,
  "keyspace": 10000,
  "duration_sec": 60.00002934,
  "total_ok": 1515951,
  "total_err": 0,
  "rps": 25265.83764500539,
  "lat_mean_ms": 0.31577635556833905,
  "lat_p50_ms": 0.296,
  "lat_p90_ms": 0.468,
  "lat_p99_ms": 0.89,
  "lat_p999_ms": 2.255,
  "lat_max_ms": 13.244,
  "total_ok_write": 1212295,
  "total_ok_read": 303656,
  "write_rps": 20204.90678646725,
  "read_rps": 5060.930858538144,
  "write_p50_ms": 0.32,
  "write_p90_ms": 0.488,
  "write_p99_ms": 0.943,
  "write_p999_ms": 2.425,
  "write_max_ms": 13.244,
  "read_p50_ms": 0.139,
  "read_p90_ms": 0.215,
  "read_p99_ms": 0.532,
  "read_p999_ms": 1.305,
  "read_max_ms": 6.405
}
