{
  "label": "go-pgx",
  "addr": "127.0.0.1:50051",
  "concurrency": 256,
  "connections": 4,
  "payload_bytes": 256,
  "mode": "mixed",
  "read_pct": 20,
  "keyspace": 10000,
  "duration_sec": 60.000454208,
  "total_ok": 2033976,
  "total_err": 0,
  "rps": 33899.34337745072,
  "lat_mean_ms": 7.549027281049173,
  "lat_p50_ms": 7.333,
  "lat_p90_ms": 8.488,
  "lat_p99_ms": 10.835,
  "lat_p999_ms": 103.558,
  "lat_max_ms": 450.501,
  "total_ok_write": 1627695,
  "total_ok_read": 406281,
  "write_rps": 27128.044637085026,
  "read_rps": 6771.298740365695,
  "write_p50_ms": 7.406,
  "write_p90_ms": 8.546,
  "write_p99_ms": 10.917,
  "write_p999_ms": 103.89,
  "write_max_ms": 450.501,
  "read_p50_ms": 7.048,
  "read_p90_ms": 8.17,
  "read_p99_ms": 10.434,
  "read_p999_ms": 37.655,
  "read_max_ms": 449.555
}
