{
  "label": "go-pgx",
  "addr": "127.0.0.1:50051",
  "concurrency": 1,
  "connections": 4,
  "payload_bytes": 256,
  "mode": "mixed",
  "read_pct": 20,
  "keyspace": 10000,
  "duration_sec": 60.000052848,
  "total_ok": 350955,
  "total_err": 0,
  "rps": 5849.244847985137,
  "lat_mean_ms": 0.1699190665471709,
  "lat_p50_ms": 0.18,
  "lat_p90_ms": 0.203,
  "lat_p99_ms": 0.348,
  "lat_p999_ms": 0.636,
  "lat_max_ms": 4.779,
  "total_ok_write": 280750,
  "total_ok_read": 70205,
  "write_rps": 4679.162545260297,
  "read_rps": 1170.082302724841,
  "write_p50_ms": 0.186,
  "write_p90_ms": 0.207,
  "write_p99_ms": 0.37,
  "write_p999_ms": 0.685,
  "write_max_ms": 4.779,
  "read_p50_ms": 0.091,
  "read_p90_ms": 0.103,
  "read_p99_ms": 0.184,
  "read_p999_ms": 0.387,
  "read_max_ms": 3.774
}
