{
  "label": "kotlin-vertx",
  "addr": "127.0.0.1:50052",
  "concurrency": 32,
  "connections": 4,
  "payload_bytes": 256,
  "mode": "mixed",
  "read_pct": 20,
  "keyspace": 10000,
  "duration_sec": 60.000124958,
  "total_ok": 1964841,
  "total_err": 0,
  "rps": 32747.281799419346,
  "lat_mean_ms": 0.9762787360400946,
  "lat_p50_ms": 0.961,
  "lat_p90_ms": 1.258,
  "lat_p99_ms": 2.306,
  "lat_p999_ms": 5.104,
  "lat_max_ms": 29.204,
  "total_ok_write": 1571481,
  "total_ok_read": 393360,
  "write_rps": 26191.295453135044,
  "read_rps": 6555.986346284302,
  "write_p50_ms": 1.021,
  "write_p90_ms": 1.285,
  "write_p99_ms": 2.442,
  "write_p999_ms": 5.283,
  "write_max_ms": 29.204,
  "read_p50_ms": 0.595,
  "read_p90_ms": 0.732,
  "read_p99_ms": 1.448,
  "read_p999_ms": 3.731,
  "read_max_ms": 15.482
}
